Id,OrderId,Action,PerformedBy,PerformedAt
1,1,Seeded,Seeder,2026-02-01T09:30:00Z
2,2,Seeded,Seeder,2026-02-02T09:30:00Z
3,3,Seeded,Seeder,2026-02-03T09:30:00Z
4,4,Seeded,Seeder,2026-02-04T09:30:00Z
5,5,Seeded,Seeder,2026-02-05T09:30:00Z
6,6,Seeded,Seeder,2026-02-06T09:30:00Z
7,7,Seeded,Seeder,2026-02-07T09:30:00Z
8,8,Seeded,Seeder,2026-02-08T09:30:00Z
9,9,Seeded,Seeder,2026-02-09T09:30:00Z
10,10,Seeded,Seeder,2026-02-10T09:30:00Z
11,11,Seeded,Seeder,2026-02-11T09:30:00Z
12,12,Seeded,Seeder,2026-02-12T09:30:00Z
13,13,Seeded,Seeder,2026-02-13T09:30:00Z
14,14,Seeded,Seeder,2026-02-14T09:30:00Z
15,15,Seeded,Seeder,2026-02-15T09:30:00Z
16,16,Seeded,Seeder,2026-02-16T09:30:00Z
17,17,Seeded,Seeder,2026-02-17T09:30:00Z
18,18,Seeded,Seeder,2026-02-18T09:30:00Z
19,19,Seeded,Seeder,2026-02-19T09:30:00Z
20,20,Seeded,Seeder,2026-02-20T09:30:00Z
21,21,Seeded,Seeder,2026-02-21T09:30:00Z
22,22,Seeded,Seeder,2026-02-22T09:30:00Z
23,23,Seeded,Seeder,2026-02-23T09:30:00Z
24,24,Seeded,Seeder,2026-02-24T09:30:00Z
25,25,Seeded,Seeder,2026-02-25T09:30:00Z
26,26,Seeded,Seeder,2026-02-26T09:30:00Z
27,27,Seeded,Seeder,2026-02-27T09:30:00Z
28,28,Seeded,Seeder,2026-02-28T09:30:00Z
29,29,Seeded,Seeder,2026-02-01T09:30:00Z
30,30,Seeded,Seeder,2026-02-02T09:30:00Z
31,31,Seeded,Seeder,2026-02-03T09:30:00Z
32,32,Seeded,Seeder,2026-02-04T09:30:00Z
33,33,Seeded,Seeder,2026-02-05T09:30:00Z
34,34,Seeded,Seeder,2026-02-06T09:30:00Z
35,35,Seeded,Seeder,2026-02-07T09:30:00Z
36,36,Seeded,Seeder,2026-02-08T09:30:00Z
37,37,Seeded,Seeder,2026-02-09T09:30:00Z
38,38,Seeded,Seeder,2026-02-10T09:30:00Z
39,39,Seeded,Seeder,2026-02-11T09:30:00Z
40,40,Seeded,Seeder,2026-02-12T09:30:00Z
41,41,Seeded,Seeder,2026-02-13T09:30:00Z
42,42,Seeded,Seeder,2026-02-14T09:30:00Z
43,43,Seeded,Seeder,2026-02-15T09:30:00Z
44,44,Seeded,Seeder,2026-02-16T09:30:00Z
45,45,Seeded,Seeder,2026-02-17T09:30:00Z
46,46,Seeded,Seeder,2026-02-18T09:30:00Z
47,47,Seeded,Seeder,2026-02-19T09:30:00Z
48,48,Seeded,Seeder,2026-02-20T09:30:00Z
49,49,Seeded,Seeder,2026-02-21T09:30:00Z
50,50,Seeded,Seeder,2026-02-22T09:30:00Z
51,51,Seeded,Seeder,2026-02-23T09:30:00Z
52,52,Seeded,Seeder,2026-02-24T09:30:00Z
53,53,Seeded,Seeder,2026-02-25T09:30:00Z
54,54,Seeded,Seeder,2026-02-26T09:30:00Z
55,55,Seeded,Seeder,2026-02-27T09:30:00Z
56,56,Seeded,Seeder,2026-02-28T09:30:00Z
57,57,Seeded,Seeder,2026-02-01T09:30:00Z
58,58,Seeded,Seeder,2026-02-02T09:30:00Z
59,59,Seeded,Seeder,2026-02-03T09:30:00Z
60,60,Seeded,Seeder,2026-02-04T09:30:00Z
61,61,Seeded,Seeder,2026-02-05T09:30:00Z
62,62,Seeded,Seeder,2026-02-06T09:30:00Z
63,63,Seeded,Seeder,2026-02-07T09:30:00Z
64,64,Seeded,Seeder,2026-02-08T09:30:00Z
65,65,Seeded,Seeder,2026-02-09T09:30:00Z
66,66,Seeded,Seeder,2026-02-10T09:30:00Z
67,67,Seeded,Seeder,2026-02-11T09:30:00Z
68,68,Seeded,Seeder,2026-02-12T09:30:00Z
69,69,Seeded,Seeder,2026-02-13T09:30:00Z
70,70,Seeded,Seeder,2026-02-14T09:30:00Z
71,71,Seeded,Seeder,2026-02-15T09:30:00Z
72,72,Seeded,Seeder,2026-02-16T09:30:00Z
73,73,Seeded,Seeder,2026-02-17T09:30:00Z
74,74,Seeded,Seeder,2026-02-18T09:30:00Z
75,75,Seeded,Seeder,2026-02-19T09:30:00Z
76,76,Seeded,Seeder,2026-02-20T09:30:00Z
77,77,Seeded,Seeder,2026-02-21T09:30:00Z
78,78,Seeded,Seeder,2026-02-22T09:30:00Z
79,79,Seeded,Seeder,2026-02-23T09:30:00Z
80,80,Seeded,Seeder,2026-02-24T09:30:00Z
81,81,Seeded,Seeder,2026-02-25T09:30:00Z
82,82,Seeded,Seeder,2026-02-26T09:30:00Z
83,83,Seeded,Seeder,2026-02-27T09:30:00Z
84,84,Seeded,Seeder,2026-02-28T09:30:00Z
85,85,Seeded,Seeder,2026-02-01T09:30:00Z
86,86,Seeded,Seeder,2026-02-02T09:30:00Z
87,87,Seeded,Seeder,2026-02-03T09:30:00Z
88,88,Seeded,Seeder,2026-02-04T09:30:00Z
89,89,Seeded,Seeder,2026-02-05T09:30:00Z
90,90,Seeded,Seeder,2026-02-06T09:30:00Z
91,91,Seeded,Seeder,2026-02-07T09:30:00Z
92,92,Seeded,Seeder,2026-02-08T09:30:00Z
93,93,Seeded,Seeder,2026-02-09T09:30:00Z
94,94,Seeded,Seeder,2026-02-10T09:30:00Z
95,95,Seeded,Seeder,2026-02-11T09:30:00Z
96,96,Seeded,Seeder,2026-02-12T09:30:00Z
97,97,Seeded,Seeder,2026-02-13T09:30:00Z
98,98,Seeded,Seeder,2026-02-14T09:30:00Z
99,99,Seeded,Seeder,2026-02-15T09:30:00Z
100,100,Seeded,Seeder,2026-02-16T09:30:00Z
