Id,ProductName,Stock
1,Widget A,10000
2,Widget B,8000
3,Product 3,151
4,Product 4,168
5,Product 5,185
6,Product 6,202
7,Product 7,219
8,Product 8,236
9,Product 9,253
10,Product 10,270
11,Product 11,287
12,Product 12,304
13,Product 13,321
14,Product 14,338
15,Product 15,355
16,Product 16,372
17,Product 17,389
18,Product 18,406
19,Product 19,423
20,Product 20,440
21,Product 21,457
22,Product 22,474
23,Product 23,491
24,Product 24,508
25,Product 25,525
26,Product 26,542
27,Product 27,559
28,Product 28,576
29,Product 29,593
30,Product 30,610
31,Product 31,627
32,Product 32,644
33,Product 33,661
34,Product 34,678
35,Product 35,695
36,Product 36,712
37,Product 37,729
38,Product 38,746
39,Product 39,763
40,Product 40,780
41,Product 41,797
42,Product 42,814
43,Product 43,831
44,Product 44,848
45,Product 45,865
46,Product 46,882
47,Product 47,899
48,Product 48,916
49,Product 49,933
50,Product 50,950
51,Product 51,967
52,Product 52,984
53,Product 53,101
54,Product 54,118
55,Product 55,135
56,Product 56,152
57,Product 57,169
58,Product 58,186
59,Product 59,203
60,Product 60,220
61,Product 61,237
62,Product 62,254
63,Product 63,271
64,Product 64,288
65,Product 65,305
66,Product 66,322
67,Product 67,339
68,Product 68,356
69,Product 69,373
70,Product 70,390
71,Product 71,407
72,Product 72,424
73,Product 73,441
74,Product 74,458
75,Product 75,475
76,Product 76,492
77,Product 77,509
78,Product 78,526
79,Product 79,543
80,Product 80,560
81,Product 81,577
82,Product 82,594
83,Product 83,611
84,Product 84,628
85,Product 85,645
86,Product 86,662
87,Product 87,679
88,Product 88,696
89,Product 89,713
90,Product 90,730
91,Product 91,747
92,Product 92,764
93,Product 93,781
94,Product 94,798
95,Product 95,815
96,Product 96,832
97,Product 97,849
98,Product 98,866
99,Product 99,883
100,Product 100,900
101,Product 101,917
102,Product 102,934
103,Product 103,951
104,Product 104,968
105,Product 105,985
106,Product 106,102
107,Product 107,119
108,Product 108,136
109,Product 109,153
110,Product 110,170
111,Product 111,187
112,Product 112,204
113,Product 113,221
114,Product 114,238
115,Product 115,255
116,Product 116,272
117,Product 117,289
118,Product 118,306
119,Product 119,323
120,Product 120,340
121,Product 121,357
122,Product 122,374
123,Product 123,391
124,Product 124,408
125,Product 125,425
126,Product 126,442
127,Product 127,459
128,Product 128,476
129,Product 129,493
130,Product 130,510
131,Product 131,527
132,Product 132,544
133,Product 133,561
134,Product 134,578
135,Product 135,595
136,Product 136,612
137,Product 137,629
138,Product 138,646
139,Product 139,663
140,Product 140,680
141,Product 141,697
142,Product 142,714
143,Product 143,731
144,Product 144,748
145,Product 145,765
146,Product 146,782
147,Product 147,799
148,Product 148,816
149,Product 149,833
150,Product 150,850
151,Product 151,867
152,Product 152,884
153,Product 153,901
154,Product 154,918
155,Product 155,935
156,Product 156,952
157,Product 157,969
158,Product 158,986
159,Product 159,103
160,Product 160,120
161,Product 161,137
162,Product 162,154
163,Product 163,171
164,Product 164,188
165,Product 165,205
166,Product 166,222
167,Product 167,239
168,Product 168,256
169,Product 169,273
170,Product 170,290
171,Product 171,307
172,Product 172,324
173,Product 173,341
174,Product 174,358
175,Product 175,375
176,Product 176,392
177,Product 177,409
178,Product 178,426
179,Product 179,443
180,Product 180,460
181,Product 181,477
182,Product 182,494
183,Product 183,511
184,Product 184,528
185,Product 185,545
186,Product 186,562
187,Product 187,579
188,Product 188,596
189,Product 189,613
190,Product 190,630
191,Product 191,647
192,Product 192,664
193,Product 193,681
194,Product 194,698
195,Product 195,715
196,Product 196,732
197,Product 197,749
198,Product 198,766
199,Product 199,783
200,Product 200,800
